id,name,email,phone,age,gender,location,traits,personality_type,created_at
1,Rohan Joshi,rohan.joshi3587@example.com,+91 7965112371,19,Male,Delhi,"empathetic,observant,introverted",ESTP,2025-08-27T18:25:23.516357Z
2,Saanvi Singh,saanvi.singh5931@example.com,+91 7223921571,48,Female,Lucknow,"adventurous,leader,creative,extroverted,organized,introverted",ENTP,2026-02-03T23:31:00.516357Z
3,Ananya Iyer,ananya.iyer2381@example.com,+91 7451960579,38,Female,Lucknow,"spontaneous,adventurous,logical",ISTJ,2025-05-29T04:00:10.516357Z
4,Aadhya Bose,aadhya.bose4054@example.com,+91 9927457777,40,Female,Pune,"organized,extroverted,empathetic,analytical",ESTJ,2025-09-04T01:27:17.516357Z
5,Ananya Nair,ananya.nair581@example.com,+91 9491841316,45,Female,Mumbai,"curious,logical,practical,adventurous,resilient,spontaneous",ESTP,2026-01-10T09:41:44.516357Z
6,Kavya Deshmukh,kavya.deshmukh1012@example.com,+91 8967025130,29,Female,Bangalore,"determined,practical,methodical,resilient,ambitious",ESTJ,2025-10-03T09:16:32.516357Z
7,Sai Singh,sai.singh2510@example.com,+91 7998755637,30,Male,Kolkata,"resilient,spontaneous,organized,diplomatic,methodical,ambitious",ESTJ,2025-08-13T01:37:03.516357Z
8,Kiara Singh,kiara.singh9182@example.com,+91 7668866102,40,Female,Kolkata,"observant,diplomatic,resilient,organized,methodical,determined",ENFJ,2025-10-22T23:54:04.516357Z
9,Vihaan Iyer,vihaan.iyer9758@example.com,+91 6255262973,26,Male,Hyderabad,"spontaneous,practical,analytical,ambitious,organized,adventurous",ISFP,2025-10-23T15:39:58.516357Z
10,Krishna Gupta,krishna.gupta4685@example.com,+91 8762255299,21,Male,Ahmedabad,"spontaneous,introverted,ambitious,extroverted,diplomatic,analytical",ISFJ,2025-05-24T03:23:19.516357Z
11,Saanvi Rao,saanvi.rao1706@example.com,+91 9634363884,26,Female,Lucknow,"resilient,diplomatic,introverted,analytical",ESFJ,2025-09-24T03:43:53.516357Z
12,Ananya Verma,ananya.verma2124@example.com,+91 8856347155,31,Female,Delhi,"spontaneous,leader,empathetic,practical",ISTJ,2025-11-03T11:00:56.516357Z
13,Pooja Kumar,pooja.kumar7904@example.com,+91 8973623144,27,Female,Delhi,"ambitious,empathetic,diplomatic",ENTJ,2025-06-01T21:46:56.516357Z
14,Krishna Reddy,krishna.reddy4111@example.com,+91 9598683636,31,Male,Jaipur,"extroverted,determined,logical,introverted,ambitious",INFP,2025-05-08T14:57:30.516357Z
15,Aadhya Kumar,aadhya.kumar4590@example.com,+91 8234630215,22,Female,Bangalore,"creative,extroverted,logical",ENFJ,2026-03-10T19:26:13.516357Z
16,Pooja Das,pooja.das1565@example.com,+91 9409296312,33,Female,Kolkata,"adaptable,empathetic,curious,introverted,determined,analytical",ISTJ,2026-02-26T11:30:59.516357Z
17,Ayaan Nair,ayaan.nair8256@example.com,+91 9111820280,28,Male,Chennai,"analytical,creative,methodical",ENFP,2026-02-03T06:00:52.516357Z
18,Ananya Kumar,ananya.kumar3816@example.com,+91 8362922408,18,Female,Chennai,"resilient,introverted,creative,analytical,spontaneous",ENTP,2026-02-13T15:11:31.516357Z
19,Ishaan Nair,ishaan.nair253@example.com,+91 9568044572,25,Male,Mumbai,"adventurous,ambitious,creative,spontaneous",ISFJ,2025-03-27T17:03:07.516357Z
20,Rohan Mehta,rohan.mehta8073@example.com,+91 9874219581,19,Male,Kanpur,"curious,methodical,leader,logical,ambitious,observant",ISFJ,2025-04-18T18:52:35.516357Z
21,Aditya Rao,aditya.rao6281@example.com,+91 6855452067,44,Male,Hyderabad,"extroverted,observant,creative,ambitious",ISFP,2025-09-03T04:32:47.516357Z
22,Arjun Joshi,arjun.joshi5307@example.com,+91 8948329159,29,Male,Ahmedabad,"creative,ambitious,adventurous,diplomatic",ESFJ,2025-11-01T05:48:57.516357Z
23,Ishaan Nair,ishaan.nair7167@example.com,+91 6383132374,27,Male,Bangalore,"diplomatic,spontaneous,ambitious,methodical,determined,extroverted",ISFJ,2025-11-07T22:27:46.516357Z
24,Vikram Iyer,vikram.iyer4842@example.com,+91 9473500597,48,Male,Kolkata,"observant,spontaneous,curious,adaptable,leader",ISFJ,2025-04-05T08:56:52.516357Z
25,Aditya Mehta,aditya.mehta3223@example.com,+91 7591212996,29,Male,Delhi,"creative,curious,spontaneous,leader",INTJ,2025-09-12T08:48:41.516357Z
26,Krishna Bose,krishna.bose2164@example.com,+91 9986979236,43,Male,Delhi,"diplomatic,determined,introverted",INTJ,2025-08-08T12:57:12.516357Z
27,Rayaan Singh,rayaan.singh5745@example.com,+91 7391790355,39,Male,Mumbai,"leader,analytical,diplomatic",ENTP,2025-12-16T21:22:47.516357Z
28,Aarav Gupta,aarav.gupta3896@example.com,+91 6602041796,44,Male,Kolkata,"logical,determined,empathetic,practical",ISTP,2026-01-15T15:20:08.516357Z
29,Aadhya Mehta,aadhya.mehta9944@example.com,+91 8256045414,32,Female,Kanpur,"methodical,observant,adaptable,adventurous,leader,empathetic",INFJ,2025-07-12T07:00:20.516357Z
30,Vikram Bose,vikram.bose3539@example.com,+91 8361010796,31,Male,Kanpur,"methodical,empathetic,resilient,observant,organized,adaptable",ENTP,2025-03-26T00:50:50.516357Z
31,Rohan Kumar,rohan.kumar8881@example.com,+91 9454623041,20,Male,Bangalore,"observant,adventurous,logical,adaptable,empathetic",ISFP,2026-02-09T10:25:30.516357Z
32,Ayaan Rao,ayaan.rao4471@example.com,+91 6901282289,29,Male,Kolkata,"curious,analytical,leader,practical,empathetic",INFJ,2025-07-24T18:23:10.516357Z
33,Arjun Nair,arjun.nair5642@example.com,+91 6646771855,43,Male,Chennai,"diplomatic,leader,curious,analytical",ESFJ,2025-12-26T01:14:55.516357Z
34,Sneha Patel,sneha.patel3792@example.com,+91 9379969714,50,Female,Surat,"observant,adaptable,diplomatic",INTJ,2025-05-17T23:44:18.516357Z
35,Isha Kumar,isha.kumar4282@example.com,+91 7494819841,49,Female,Jaipur,"analytical,organized,methodical,determined",ISTJ,2025-11-12T18:19:42.516357Z
36,Ishaan Singh,ishaan.singh8564@example.com,+91 6963441561,43,Male,Ahmedabad,"analytical,adaptable,curious,methodical",ISTP,2025-07-30T18:37:43.516357Z
37,Saanvi Mehta,saanvi.mehta1343@example.com,+91 8330219330,46,Female,Kolkata,"empathetic,resilient,adaptable,extroverted",ESTJ,2025-09-26T10:15:26.516357Z
38,Aarohi Iyer,aarohi.iyer6544@example.com,+91 8193566520,27,Female,Delhi,"adventurous,introverted,methodical,extroverted,adaptable,curious",ISFP,2026-02-27T02:52:58.516357Z
39,Riya Das,riya.das7082@example.com,+91 9789275183,32,Female,Hyderabad,"logical,organized,practical,ambitious,extroverted,resilient",ENFP,2025-05-16T15:44:34.516357Z
40,Myra Verma,myra.verma8775@example.com,+91 8862845954,21,Female,Bangalore,"empathetic,determined,ambitious,adventurous,methodical",ISFJ,2025-09-16T16:29:17.516357Z
41,Vivaan Kumar,vivaan.kumar3820@example.com,+91 9302225170,24,Male,Jaipur,"empathetic,resilient,methodical,spontaneous,determined,introverted",ISFP,2025-10-20T08:46:20.516357Z
42,Arjun Patel,arjun.patel1474@example.com,+91 7295608020,28,Male,Kolkata,"diplomatic,observant,practical,analytical",ENFP,2025-12-06T12:16:52.516357Z
43,Aditya Nair,aditya.nair659@example.com,+91 7786785966,38,Male,Bangalore,"spontaneous,extroverted,ambitious",ISTP,2025-12-12T04:20:24.516357Z
44,Priya Singh,priya.singh7320@example.com,+91 7975804534,24,Female,Surat,"determined,curious,adventurous",ISTJ,2026-03-09T19:58:15.516357Z
45,Riya Verma,riya.verma4299@example.com,+91 6317912567,22,Female,Hyderabad,"organized,curious,extroverted",ESTP,2025-04-15T02:44:27.516357Z
46,Sai Verma,sai.verma8636@example.com,+91 8619876875,42,Male,Ahmedabad,"practical,logical,curious",ESTJ,2025-12-17T21:05:05.516357Z
47,Aarav Mehta,aarav.mehta491@example.com,+91 6332733689,27,Male,Mumbai,"resilient,empathetic,organized,extroverted,adventurous,methodical",ESTP,2025-05-28T15:00:07.516357Z
48,Vivaan Nair,vivaan.nair23@example.com,+91 9548067333,43,Male,Chennai,"ambitious,empathetic,determined,organized,extroverted",ENTJ,2025-10-11T20:14:56.516357Z
49,Isha Mehta,isha.mehta2355@example.com,+91 7653563982,22,Female,Delhi,"extroverted,methodical,spontaneous,curious,logical",INTP,2026-01-21T03:44:37.516357Z
50,Ayaan Gupta,ayaan.gupta2512@example.com,+91 8717237471,46,Male,Jaipur,"practical,organized,introverted,extroverted,adventurous,analytical",ENFJ,2026-03-10T20:02:24.516357Z
51,Myra Sharma,myra.sharma2205@example.com,+91 8438628788,25,Female,Hyderabad,"empathetic,curious,analytical,methodical,leader",INTP,2025-07-20T01:26:26.516357Z
52,Myra Kumar,myra.kumar7178@example.com,+91 9483364088,37,Female,Surat,"ambitious,spontaneous,resilient",ESTJ,2025-10-13T01:12:15.516357Z
53,Ananya Sharma,ananya.sharma5148@example.com,+91 9855538733,35,Female,Lucknow,"adaptable,methodical,resilient,introverted",INFP,2025-07-19T17:53:03.516357Z
54,Ananya Patel,ananya.patel9723@example.com,+91 8190188538,33,Female,Hyderabad,"methodical,determined,analytical,extroverted,empathetic",ENFP,2026-03-16T08:32:46.516357Z
55,Kavya Kumar,kavya.kumar7781@example.com,+91 7673176962,45,Female,Chennai,"extroverted,creative,determined,resilient,leader,methodical",ESTJ,2025-12-12T19:32:53.516357Z
56,Kavya Mehta,kavya.mehta3808@example.com,+91 6905227926,43,Female,Chennai,"practical,empathetic,organized,leader,adventurous,adaptable",ISFP,2025-10-05T13:44:17.516357Z
57,Priya Singh,priya.singh9507@example.com,+91 8178713574,28,Female,Bangalore,"diplomatic,creative,adventurous,leader,resilient,logical",ESFJ,2025-09-09T11:52:48.516357Z
58,Vikram Joshi,vikram.joshi3762@example.com,+91 9247286699,30,Male,Ahmedabad,"adaptable,empathetic,observant,resilient,determined",INTP,2025-07-08T06:14:41.516357Z
59,Ananya Mehta,ananya.mehta9228@example.com,+91 8493974545,31,Female,Ahmedabad,"leader,practical,adventurous,spontaneous,empathetic",ENFP,2025-06-10T10:27:46.516357Z
60,Aarav Mehta,aarav.mehta3297@example.com,+91 7345418104,22,Male,Kanpur,"observant,spontaneous,methodical,resilient,adaptable",ESFJ,2025-08-28T09:52:12.516357Z
